{"cameraMode":{"drawMode":0,"name":"Shaded","section":"Shading Mode"},"sceneLighting":true,"audioPlay":false,"sceneViewState":{"showFog":true,"showMaterialUpdate":false,"showSkybox":true,"showFlares":true,"showImageEffects":true,"showParticleSystems":true},"in2DMode":false,"pivot":{"x":7.201737880706787,"y":1.4612417221069337,"z":3.6847591400146486},"rotation":{"x":0.29696962237358096,"y":-0.04450708255171776,"z":0.01345947664231062,"w":0.9538472890853882},"size":36.22395324707031,"orthographic":false}