{"cameraMode":{"drawMode":0,"name":"Shaded","section":"Shading Mode"},"sceneLighting":true,"audioPlay":false,"sceneViewState":{"showFog":true,"showMaterialUpdate":false,"showSkybox":true,"showFlares":true,"showImageEffects":true,"showParticleSystems":true},"in2DMode":false,"pivot":{"x":2.7448840141296388,"y":0.794999361038208,"z":0.8741783499717712},"rotation":{"x":-0.2296341061592102,"y":-0.09414191544055939,"z":0.02233048342168331,"w":-0.9684782028198242},"size":8.3626070022583,"orthographic":false}